{
    "ALLA0AU": "AUGX",
    "APBL0001015": "TSDX",
    "APBL0001016": "TSDX",
    "APBL0001017": "TSDX",
    "APBL0001018": "TSDX",
    "APBL0001019": "TSDX",
    "APBL0001020": "TSDX",
    "APBL0004049": "TDIX",
    "APBL0004053": "TDIX",
    "APBL0004054": "TDIX",
    "APBL0006052": "KRDX",
    "APBL0006053": "KRDX",
    "APBL0006054": "KRDX",
    "APBL0006055": "KRDX",
    "APBL0006058": "KRDX",
    "APBL0007036": "GDCX",
    "APBL0007037": "GDCX",
    "APBL0007038": "GDCX",
    "APBL0007039": "GDCX",
    "APBL0007040": "GDCX",
    "APBL0007041": "GDCX",
    "APBL0007042": "GDCX",
    "APBL0009019": "PSRX",
    "APBL0010032": "CHDX",
    "APBL0010033": "CHDX",
    "APBL0010034": "CHDX",
    "APBL0010035": "CHDX",
    "APBL0010036": "CHDX",
    "APBL0013023": "DCKX",
    "FDRL0SAWANT": "Sawantwadi Urban Co-operative Bank",
    "FDRL0SPCB01": "Sreenivasa Padmavathi Co-operative Bank",
    "HDFC0CHB1": "HCBL",
    "ICIC00TJUCB": "Jamkhandi Urban Co-operative Bank",
    "JAKA0GRAMEN": "XJKG",
    "JAKA0JKBCCB": "Baramulla Central Co-operative Bank",
    "KJSB0KUB2": "Konark Urban Co-operative Bank",
    "KSCB0006": "KTTX",
    "KSCB0020001": "Ballari District Co-operative Central Bank",
    "KSCB0702001": "Bagalkot District Central Co-operative Bank",
    "MAHB000CB01": "COLX",
    "MDCB0680265": "Pratap Co-operative Bank",
    "MDCB0680266": "State Transport Bank Mumbai Central",
    "MDCB0680284": "STCX",
    "MDCB0680297": "STCX",
    "MDCB0680314": "STCX",
    "MDCB0680326": "STCX",
    "MDCB0680346": "Pratap Co-operative Bank",
    "MDCB0680354": "Rameshwar Co-operative Bank",
    "MDCB0680358": "Shreeji Bhatia Co-operative Bank",
    "MDCB0680376": "Pratap Co-operative Bank",
    "MDCB0680382": "Pratap Co-operative Bank",
    "MDCB0680383": "Pratap Co-operative Bank",
    "MDCB0680384": "STCX",
    "MDCB0680403": "Pratap Co-operative Bank",
    "MDCB0680406": "Pratap Co-operative Bank",
    "MDCB0680411": "Pratap Co-operative Bank",
    "MSCI0LCBS01": "LACX",
    "PMEC0USVSBL": "SVSX",
    "RATN00YDCBL": "Yadrav Co-operative Bank",
    "UJVN": "USFB",
    "VIJB0AMB001": "Abhyudaya Mahila Urban Co-operative Bank",
    "WBSC0BUCB": "BNCX",
    "WBSC0DJCB": "DDCX",
    "WBSC0HCCB": "THWX",
    "WBSC0HDCB": "HOOX",
    "WBSC0JCCB": "JPCX",
    "WBSC0KPCB": "Kolkata Police Co-operative Bank",
    "WBSC0KUCB": "KHCX",
    "WBSC0MCCB": "MURX",
    "WBSC0MGCB": "MBCX",
    "WBSC0MUCB": "Kolkata Mahila Co-operative Bank",
    "WBSC0NDCB": "NDDX",
    "WBSC0TCCB": "TGCX",
    "YESB0ACB": "ADCX",
    "YESB0ACC": "AUBX",
    "YESB0ACU": "AGCX",
    "YESB0ADB": "AVDX",
    "YESB0AMA": "Amalner Urban Co-operative Bank",
    "YESB0AMBL": "Amravati Merchants Co-operative BANK",
    "YESB0AMCB": "AKMX",
    "YESB0AMN": "AMNX",
    "YESB0AMSB": "Adarsh Mahila Nagari Sahakari Bank",
    "YESB0ANSB": "Anendeshwari Nagrik Sahakari Bank",
    "YESB0APS": "Ahmednagar ZPSS Bank",
    "YESB0AUB": "AKOX",
    "YESB0AZS": "AZSX",
    "YESB0BCC": "BOUDH Co-operative Central Bank",
    "YESB0BEC": "Berhampur Central Co-operative Bank",
    "YESB0BMS": "BHMX",
    "YESB0CB0": "CURX",
    "YESB0CCU": "CHIX",
    "YESB0CDC": "CPDX",
    "YESB0CJ0": "CJAX",
    "YESB0DCB": "UTZX",
    "YESB0DNB": "DENS",
    "YESB0DNS": "DEOB",
    "YESB0DSU": "DSUX",
    "YESB0DZS": "DDHX",
    "YESB0GCU": "GNCX",
    "YESB0GSC": "GSBL",
    "YESB0JLC": "JALX",
    "YESB0KHC": "Khorda Central Co-operative Bank",
    "YESB0KNB": "KDIX",
    "YESB0LNS": "LOKX",
    "YESB0MAB": "MIZX",
    "YESB0MCA": "MYAX",
    "YESB0MPS": "Mamasaheb Pawar Satyavijay Co-operative Bank",
    "YESB0NRD": "NRDX",
    "YESB0NSB": "NGRX",
    "YESB0PIM": "PMCX",
    "YESB0PUC": "PNCX",
    "YESB0RAJ": "TCBX",
    "YESB0SKN": "SHNX",
    "YESB0SMC": "SUMX",
    "YESB0SPC": "Shahada Peoples Co-operative Bank",
    "YESB0TSS": "SSBL",
    "YESB0UMC": "UNMX",
    "YESB0VCA": "VCAX",
    "YESB0VNB": "VCNB",
    "YESB0WNS": "Wardha Nagri Bank",
    "ICIC00ICBLP": "IXXX",
    "ICIC00ICOBL": "IXXX",
    "YESB0YDC": "YADX",
    "YESB0ZSB": "ZISX",
    "SMCB0000001": "SMCB",
    "YESB0FIN": "FINX",
    "HDFC0CNICBL": "Navsarjan Industrial Co-operative Bank",
    "UTIB0SCSMSB": "Shri Chatrapati Shivaji Sahakari Bank",
    "IBKL0876SCS": "Shri Chatrapati Shivaji Sahakari Bank"
}
